index,lat,lon
0,26.663056,87.274012
1,26.663058,87.274177
2,26.663058,87.274253
3,26.663051,87.27441
4,26.663063,87.274435
5,26.663071,87.274507
6,26.663058,87.274571
7,26.663023,87.274624
8,26.662973,87.274658
9,26.66288,87.274825
10,26.662774,87.274955
11,26.662727,87.275178
12,26.66267825,87.275387
13,26.6626295,87.27559600000001
14,26.66258075,87.275805
15,26.662532,87.276014
16,26.662485,87.27620200000001
17,26.662438,87.27639
18,26.662398,87.276549
19,26.6623455,87.2767305
20,26.662293,87.276912
21,26.662259499999998,87.2770535
22,26.662226,87.277195
23,26.662188,87.2773435
24,26.66215,87.277492
25,26.662105250000003,87.27766374999999
26,26.662060500000003,87.2778355
27,26.662015750000002,87.27800725
28,26.661971,87.278179
29,26.661946,87.278274
30,26.661893,87.278468
31,26.66184,87.278662
32,26.661805,87.27881
33,26.66177,87.278958
34,26.66173775,87.27908550000001
35,26.6617055,87.279213
36,26.66167325,87.27934049999999
37,26.661641,87.279468
38,26.661592499999998,87.279659
39,26.661544,87.27985
40,26.6614955,87.280041
41,26.661447,87.280232
42,26.661406375,87.28036912499999
43,26.66136575,87.28050625
44,26.661325125,87.280643375
45,26.6612845,87.28078049999999
46,26.661243875,87.280917625
47,26.66120325,87.28105475
48,26.661162625,87.28119187499999
49,26.661122,87.281329
50,26.661054749999998,87.28153625
51,26.660987499999997,87.2817435
52,26.660920249999997,87.28195075
53,26.660853,87.282158
54,26.660803,87.282323
55,26.6607635,87.282454
56,26.660724,87.282585
57,26.6606775,87.28273675
58,26.660631,87.2828885
59,26.6605845,87.28304025
60,26.660538,87.283192
61,26.660483499999998,87.28336974999999
62,26.660429,87.2835475
63,26.6603745,87.28372525
64,26.66032,87.283903
65,26.660297,87.283977
66,26.660251,87.28414799999999
67,26.660204999999998,87.284319
68,26.660159,87.28449
69,26.660113,87.284661
70,26.660063375,87.284807125
71,26.660013749999997,87.28495325
72,26.659964125,87.285099375
73,26.6599145,87.2852455
74,26.659864875,87.285391625
75,26.65981525,87.28553775
76,26.659765625,87.285683875
77,26.659716,87.28583
78,26.6596715,87.28598450000001
79,26.659627,87.286139
80,26.6595825,87.2862935
81,26.659537999999998,87.28644800000001
82,26.659493499999996,87.2866025
83,26.659449,87.286757
84,26.6594045,87.2869115
85,26.65936,87.287066
86,26.659309,87.287181
87,26.659276,87.287319
88,26.659243,87.287457
89,26.65919025,87.28760025
90,26.6591375,87.2877435
91,26.659084749999998,87.28788675000001
92,26.659032,87.28803
93,26.658984750000002,87.28817275
94,26.6589375,87.28831550000001
95,26.65889025,87.28845825
96,26.658842999999997,87.288601
97,26.658795749999996,87.28874375
98,26.658748499999998,87.28888649999999
99,26.65870125,87.28902925
100,26.658654,87.289172
101,26.658594,87.28941
102,26.658564,87.289558
103,26.6585005,87.28977950000001
104,26.658437,87.290001
105,26.658376,87.290214
106,26.65834325,87.29038625000001
107,26.6583105,87.2905585
108,26.65827775,87.29073075
109,26.658245,87.290903
110,26.65822875,87.29110225
111,26.6582125,87.2913015
112,26.658196250000003,87.29150075000001
113,26.65818,87.2917
114,26.658181,87.29195050000001
115,26.658182,87.292201
116,26.658183,87.2924515
117,26.658184,87.292702
118,26.658184,87.292777
119,26.658185,87.29297249999999
120,26.658186,87.293168
121,26.658186875,87.29339199999998
122,26.65818775,87.29361599999999
123,26.658188625,87.29383999999999
124,26.6581895,87.29406399999999
125,26.658190375,87.294288
126,26.65819125,87.294512
127,26.658192125,87.294736
128,26.658193,87.29496
129,26.65819475,87.295121875
130,26.658196500000003,87.29528375000001
131,26.65819825,87.29544562500001
132,26.6582,87.2956075
133,26.65820175,87.29576937499999
134,26.6582035,87.29593125
135,26.65820525,87.296093125
136,26.658207,87.296255
137,26.65820575,87.2963895
138,26.6582045,87.296524
139,26.65820325,87.2966585
140,26.658202,87.296793
141,26.658208000000002,87.2969765
142,26.658214,87.29716
143,26.658221,87.297363
144,26.658224,87.297578
145,26.658226374999998,87.29777637500001
146,26.65822875,87.29797475000001
147,26.658231125,87.298173125
148,26.6582335,87.2983715
149,26.658235875000003,87.298569875
150,26.65823825,87.29876825
151,26.658240624999998,87.29896662499999
152,26.658243,87.299165
153,26.658245,87.2993045
154,26.658247,87.299444
155,26.658248,87.29965349999999
156,26.658248999999998,87.29986299999999
157,26.65825,87.3000725
158,26.658251,87.300282
159,26.658252,87.30049149999999
160,26.658253000000002,87.300701
161,26.658254,87.3009105
162,26.658255,87.30112
163,26.6582565,87.301321
164,26.658258,87.301522
165,26.65825625,87.30172900000001
166,26.658254499999998,87.30193600000001
167,26.65825275,87.302143
168,26.658251,87.30235
169,26.65825125,87.3025165
170,26.6582515,87.302683
171,26.658251749999998,87.30284950000001
172,26.658252,87.303016
173,26.658247,87.303141
174,26.658249249999997,87.303318875
175,26.6582515,87.30349675
176,26.65825375,87.303674625
177,26.658256,87.3038525
178,26.658258250000003,87.304030375
179,26.6582605,87.30420825
180,26.65826275,87.30438612500001
181,26.658265,87.304564
182,26.658264000000003,87.3047835
183,26.658263,87.305003
184,26.658261000000003,87.3051555
185,26.658259,87.305308
186,26.658261,87.305508
187,26.658262,87.305637
188,26.658263,87.305766
189,26.6582685,87.305964
190,26.658274,87.306162
191,26.6582755,87.306315
192,26.658277,87.306468
193,26.6582785,87.306621
194,26.65828,87.306774
195,26.65828175,87.30691924999999
196,26.658283500000003,87.3070645
197,26.658285250000002,87.30720975
198,26.658287,87.307355
199,26.658286750000002,87.30760425
200,26.658286500000003,87.3078535
201,26.658286250000003,87.30810274999999
202,26.658286,87.308352
203,26.658286,87.30855
204,26.6582905,87.3087025
205,26.658295,87.308855
206,26.658298000000002,87.3090885
207,26.658301,87.309322
208,26.658303,87.3095
209,26.658305,87.309678
210,26.65830725,87.30985625
211,26.658309499999998,87.3100345
212,26.658311749999996,87.31021275
213,26.658313999999997,87.31039100000001
214,26.65831625,87.31056925000001
215,26.6583185,87.3107475
216,26.65832075,87.31092575
217,26.658323,87.311104
218,26.658324999999998,87.311272
219,26.658327,87.31144
220,26.6583265,87.31169075
221,26.658326000000002,87.3119415
222,26.658325500000004,87.31219225000001
223,26.658325,87.312443
224,26.658327,87.3126325
225,26.658329000000002,87.31282200000001
226,26.658331,87.31301150000002
227,26.658333,87.313201
228,26.658334,87.3133535
229,26.658335,87.313506
230,26.658335,87.313569
231,26.658338,87.313713
232,26.658352,87.31389300000001
233,26.658366,87.314073
234,26.65838,87.314131
235,26.658399,87.314208
236,26.658417,87.314282
237,26.658449,87.314362
238,26.658523,87.314529
239,26.6586115,87.3146915
240,26.6587,87.314854
241,26.6587935,87.314997
242,26.658887,87.31514
243,26.65895,87.315262
244,26.659013,87.315474
245,26.659039,87.3156395
246,26.659065,87.315805
247,26.659069,87.315947
248,26.659073,87.316089
249,26.659052,87.316318
250,26.658995,87.316523
251,26.658978,87.316585
252,26.65891775,87.31679925
253,26.658857500000003,87.3170135
254,26.658797250000003,87.31722775
255,26.658737000000002,87.317442
256,26.65867675,87.31765625
257,26.6586165,87.3178705
258,26.65855625,87.31808475
259,26.658496,87.318299
260,26.658487,87.318346
261,26.658458500000002,87.31850025
262,26.658430000000003,87.31865450000001
263,26.658401500000004,87.31880875
264,26.658373,87.318963
265,26.658371,87.319087
266,26.658369999999998,87.319217
267,26.658369,87.319347
268,26.658368,87.319488
269,26.658370875000003,87.31969725
270,26.658373750000003,87.3199065
271,26.658376625000002,87.32011575
272,26.658379500000002,87.320325
273,26.658382375000002,87.32053425
274,26.658385250000002,87.32074349999999
275,26.658388125000002,87.32095275
276,26.658391,87.321162
277,26.658402,87.321211
278,26.6584,87.3214425
279,26.658398,87.321674
280,26.65839775,87.32191575
281,26.6583975,87.3221575
282,26.65839725,87.32239925
283,26.658397,87.322641
284,26.658396500000002,87.32280349999999
285,26.658396,87.322966
286,26.658395749999997,87.32315324999999
287,26.658395499999997,87.3233405
288,26.658395249999998,87.32352775000001
289,26.658395,87.323715
290,26.658395,87.32386025
291,26.658395,87.3240055
292,26.658395,87.32415075
293,26.658395,87.324296
294,26.6583945,87.32448400000001
295,26.658394,87.324672
296,26.658394,87.324828
297,26.658394,87.324868
298,26.658393875,87.325011625
299,26.658393750000002,87.32515525
300,26.658393625000002,87.32529887499999
301,26.658393500000003,87.3254425
302,26.658393375000003,87.325586125
303,26.658393250000003,87.32572975
304,26.658393125000003,87.32587337499999
305,26.658393,87.326017
306,26.658393,87.326142
307,26.658392499999998,87.3263845
308,26.658392,87.326627
309,26.658392,87.3268425
310,26.658392,87.327058
311,26.658392,87.327119
312,26.6583915,87.32729499999999
313,26.658391,87.327471
314,26.658390750000002,87.32765775
315,26.658390500000003,87.3278445
316,26.658390250000004,87.32803125000001
317,26.65839,87.328218
318,26.6583855,87.328445
319,26.658381,87.328672
320,26.658377,87.328914
321,26.658374,87.32911
322,26.658377,87.329154
323,26.65837425,87.32929125000001
324,26.6583715,87.3294285
325,26.65836875,87.32956575
326,26.658366,87.329703
327,26.658366,87.329871
328,26.658377,87.330022
329,26.658388,87.330173
330,26.658384499999997,87.3303015
331,26.658381,87.33043
332,26.6583825,87.33063975
333,26.658383999999998,87.3308495
334,26.6583855,87.33105925000001
335,26.658387,87.331269
336,26.658387,87.331502
337,26.6583865,87.33174
338,26.658386,87.331978
339,26.658386,87.3321575
340,26.658386,87.332337
341,26.658386,87.332558
342,26.6583855,87.33279250000001
343,26.658385,87.333027
344,26.65838225,87.33324350000001
345,26.6583795,87.33346
346,26.65837675,87.3336765
347,26.658374,87.333893
348,26.658372,87.33403525
349,26.658369999999998,87.33417750000001
350,26.658368,87.33431975
351,26.658366,87.334462
352,26.65836325,87.3346445
353,26.6583605,87.334827
354,26.65835775,87.33500950000001
355,26.658355,87.335192
356,26.658358,87.335373
357,26.658361,87.335554
358,26.6583635,87.33569525
359,26.658366,87.3358365
360,26.6583685,87.33597775
361,26.658371,87.336119
362,26.658381,87.336301
363,26.658392749999997,87.33651925000001
364,26.6584045,87.3367375
365,26.658416250000002,87.33695575
366,26.658428,87.337174
367,26.658441,87.33737400000001
368,26.658454,87.337574
369,26.6584645,87.3377375
370,26.658475,87.337901
371,26.658485499999998,87.3380645
372,26.658496,87.338228
373,26.658512,87.338475
374,26.658549,87.33867125
375,26.658586,87.33886749999999
376,26.658623,87.33906375
377,26.65866,87.33926
378,26.658711750000002,87.3394295
379,26.6587635,87.33959899999999
380,26.65881525,87.33976849999999
381,26.658867,87.339938
382,26.658923,87.34012175000001
383,26.658979000000002,87.3403055
384,26.659035000000003,87.34048925
385,26.659091,87.34067300000001
386,26.659146999999997,87.34085675
387,26.659202999999998,87.3410405
388,26.659259,87.34122425000001
389,26.659315,87.341408
390,26.659367,87.3415785
391,26.659419,87.341749
392,26.659471,87.34191949999999
393,26.659523,87.34209
394,26.65958525,87.34229425000001
395,26.6596475,87.3424985
396,26.659709749999998,87.34270275
397,26.659772,87.342907
398,26.659841999999998,87.3430935
399,26.659912,87.34328
400,26.659952875,87.343423
401,26.659993749999998,87.343566
402,26.660034624999998,87.34370899999999
403,26.660075499999998,87.343852
404,26.660116374999998,87.343995
405,26.660157249999997,87.344138
406,26.660198125,87.344281
407,26.660239,87.344424
408,26.6602915,87.3446075
409,26.660344,87.344791
410,26.660398999999998,87.344982
411,26.660454,87.345173
412,26.660486,87.345283
413,26.660538,87.345464
414,26.660577124999996,87.34559837500001
415,26.660616249999997,87.34573275
416,26.660655374999997,87.345867125
417,26.660694499999998,87.3460015
418,26.660733625,87.346135875
419,26.66077275,87.34627025
420,26.660811875,87.346404625
421,26.660851,87.346539
422,26.660890125,87.34667337500001
423,26.660929250000002,87.34680775000001
424,26.660968375000003,87.346942125
425,26.6610075,87.3470765
426,26.661046624999997,87.347210875
427,26.661085749999998,87.34734524999999
428,26.661124875,87.34747962499999
429,26.661164,87.347614
430,26.6612325,87.347843
431,26.661301,87.348072
432,26.661347,87.3482245
433,26.661393,87.348377
434,26.6614325,87.34850925
435,26.661472,87.3486415
436,26.6615115,87.34877374999999
437,26.661551,87.348906
438,26.66160175,87.349075
439,26.6616525,87.349244
440,26.66170325,87.349413
441,26.661754,87.349582
442,26.661786,87.349688
443,26.66183,87.349837
444,26.6618845,87.350034
445,26.661938999999997,87.350231
446,26.661993499999998,87.350428
447,26.662048,87.350625
448,26.662102625,87.350811
449,26.66215725,87.350997
450,26.662211875,87.351183
451,26.6622665,87.351369
452,26.662321125000002,87.351555
453,26.662375750000002,87.351741
454,26.662430375,87.351927
455,26.662485,87.352113
456,26.662539,87.352295
457,26.662583499999997,87.35242625
458,26.662627999999998,87.35255749999999
459,26.6626725,87.35268875
460,26.662717,87.35282
461,26.662749,87.352946
462,26.66281825,87.3531725
463,26.6628875,87.353399
464,26.66295675,87.35362549999999
465,26.663026,87.353852
466,26.663072,87.353992
467,26.663138,87.354196
468,26.663204,87.3544
469,26.663276500000002,87.354625
470,26.663349,87.35485
471,26.663397,87.354999
472,26.663455874999997,87.35518587500002
473,26.663514749999997,87.35537275000002
474,26.663573624999998,87.35555962500001
475,26.6636325,87.35574650000001
476,26.663691375,87.355933375
477,26.66375025,87.35612025
478,26.663809125,87.356307125
479,26.663868,87.356494
480,26.663917,87.356639
481,26.663986,87.356855
482,26.664055,87.357071
483,26.6641305,87.3573075
484,26.664206,87.357544
485,26.664272,87.357753
486,26.66431875,87.35789975
487,26.664365500000002,87.3580465
488,26.66441225,87.35819325
489,26.664459,87.35834
490,26.664514500000003,87.3585135
491,26.66457,87.358687
492,26.664641,87.358912
493,26.664697,87.359091
494,26.664740000000002,87.359223125
495,26.664783,87.35935525000001
496,26.664825999999998,87.35948737500001
497,26.664869,87.35961950000001
498,26.664912,87.359751625
499,26.664955,87.35988375
500,26.664997999999997,87.36001587499999
501,26.665041,87.360148
502,26.6650845,87.36027949999999
503,26.665128,87.360411
504,26.665165000000002,87.36053050000001
505,26.665202,87.36065
506,26.665240500000003,87.360774
507,26.665279,87.360898
508,26.665353500000002,87.3611255
509,26.665428,87.361353
510,26.665474,87.3614935
511,26.66552,87.361634
512,26.665566,87.3617745
513,26.665612,87.361915
514,26.665658,87.3620555
515,26.665703999999998,87.362196
516,26.66575,87.3623365
517,26.665796,87.362477
518,26.665818,87.362545
519,26.6659,87.362762
520,26.665982,87.362979
521,26.666022,87.363085
522,26.666076750000002,87.363269
523,26.6661315,87.36345299999999
524,26.66618625,87.363637
525,26.666241,87.363821
526,26.666309,87.36404999999999
527,26.666377,87.364279
528,26.66642475,87.36443925
529,26.6664725,87.3645995
530,26.66652025,87.36475974999999
531,26.666568,87.36492
532,26.6666435,87.36512450000001
533,26.666719,87.365329
534,26.666788,87.365517
535,26.666822,87.36561
536,26.666894375,87.365806375
537,26.66696675,87.36600275
538,26.667039125000002,87.36619912500001
539,26.6671115,87.36639550000001
540,26.667183875,87.36659187500001
541,26.66725625,87.36678825000001
542,26.667328625000003,87.36698462500001
543,26.667401,87.367181
544,26.667478,87.36739
545,26.667530999999997,87.36753425
546,26.667583999999998,87.3676785
547,26.667637,87.36782274999999
548,26.66769,87.367967
549,26.66773625,87.3681165
550,26.6677825,87.368266
551,26.667828749999998,87.3684155
552,26.667875,87.368565
553,26.667928375,87.368737875
554,26.66798175,87.36891075
555,26.668035125,87.369083625
556,26.6680885,87.3692565
557,26.668141875,87.36942937500001
558,26.66819525,87.36960225
559,26.668248625,87.36977512499999
560,26.668302,87.369948
561,26.668344500000003,87.37008625
562,26.668387000000003,87.3702245
563,26.668429500000002,87.37036275
564,26.668472,87.370501
565,26.66852075,87.37065875
566,26.6685695,87.3708165
567,26.66861825,87.37097425
568,26.668667,87.371132
569,26.668726,87.371323
570,26.668785,87.371514
571,26.668835,87.371677
572,26.668894,87.37186550000001
573,26.668953000000002,87.372054
574,26.669012000000002,87.3722425
575,26.669071,87.372431
576,26.6691445,87.37266650000001
577,26.669218,87.37290200000001
578,26.6692915,87.37313750000001
579,26.669365,87.373373
580,26.66939525,87.3735045
581,26.6694255,87.373636
582,26.669455749999997,87.3737675
583,26.669486,87.373899
584,26.66951125,87.374026
585,26.6695365,87.374153
586,26.66956175,87.37428
587,26.669587,87.374407
588,26.669612,87.37455325
589,26.669637,87.3746995
590,26.669662000000002,87.37484575
591,26.669687,87.374992
592,26.66970575,87.3751395
593,26.6697245,87.375287
594,26.66974325,87.3754345
595,26.669762,87.375582
596,26.669775,87.3757285
597,26.669788,87.375875
598,26.669795999999998,87.37611749999999
599,26.669804,87.37636
600,26.669789,87.3765805
601,26.669774,87.376801
602,26.6697545,87.377014
603,26.669735,87.377227
604,26.669714749999997,87.37744125
605,26.6696945,87.3776555
606,26.66967425,87.37786975
607,26.669654,87.378084
608,26.669639,87.37822812499999
609,26.669624,87.37837225
610,26.669609,87.378516375
611,26.669594,87.3786605
612,26.669579,87.378804625
613,26.669564,87.37894875
614,26.669549,87.379092875
615,26.669534,87.379237
616,26.669516875,87.3794215
617,26.66949975,87.379606
618,26.669482625,87.3797905
619,26.6694655,87.379975
620,26.669448375,87.3801595
621,26.669431250000002,87.38034400000001
622,26.669414125000003,87.3805285
623,26.669397,87.380713
624,26.669375000000002,87.38089712499999
625,26.669353,87.38108125
626,26.669331,87.381265375
627,26.669309,87.3814495
628,26.669286999999997,87.381633625
629,26.669265,87.38181775000001
630,26.669243,87.38200187500001
631,26.669221,87.382186
632,26.669204999999998,87.3823335
633,26.669189,87.382481
634,26.669174499999997,87.38260625000001
635,26.669159999999998,87.3827315
636,26.6691455,87.38285675
637,26.669131,87.382982
638,26.66911,87.383163
639,26.669093750000002,87.38333374999999
640,26.6690775,87.3835045
641,26.66906125,87.38367525000001
642,26.669045,87.383846
643,26.669026,87.384018
644,26.66900775,87.384186375
645,26.668989500000002,87.38435475
646,26.668971250000002,87.384523125
647,26.668953000000002,87.3846915
648,26.668934750000002,87.384859875
649,26.6689165,87.38502825
650,26.66889825,87.38519662499999
651,26.66888,87.385365
652,26.668861875,87.38554637499999
653,26.66884375,87.38572775
654,26.668825625,87.385909125
655,26.6688075,87.3860905
656,26.668789375,87.38627187499999
657,26.66877125,87.38645324999999
658,26.668753125000002,87.386634625
659,26.668735,87.386816
660,26.6687175,87.38704999999999
661,26.6687,87.387284
662,26.6686875,87.3874285
663,26.668675,87.387573
664,26.6686625,87.38771750000001
665,26.66865,87.387862
666,26.668640625000002,87.388024875
667,26.66863125,87.38818775
668,26.668621875,87.388350625
669,26.668612500000002,87.3885135
670,26.668603125,87.388676375
671,26.66859375,87.38883925
672,26.668584375000002,87.389002125
673,26.668575,87.389165
674,26.668554,87.389323
675,26.668531,87.389449
676,26.668508,87.389575
677,26.66848875,87.38970874999998
678,26.6684695,87.38984249999999
679,26.66845025,87.38997624999999
680,26.668430999999998,87.39010999999999
681,26.668411749999997,87.39024375
682,26.6683925,87.3903775
683,26.668373250000002,87.39051125
684,26.668354,87.390645
685,26.6683355,87.39078125
686,26.668317000000002,87.3909175
687,26.6682985,87.39105375
688,26.66828,87.39119
689,26.66825925,87.3913175
690,26.6682385,87.391445
691,26.66821775,87.3915725
692,26.668197,87.3917
693,26.668177125,87.3918535
694,26.66815725,87.392007
695,26.668137375,87.3921605
696,26.6681175,87.392314
697,26.668097625,87.3924675
698,26.668077750000002,87.39262099999999
699,26.668057875000002,87.3927745
700,26.668038,87.392928
701,26.6680195,87.393081
702,26.668000999999997,87.393234
703,26.667982499999997,87.393387
704,26.667963999999998,87.39354
705,26.6679455,87.393693
706,26.667927,87.393846
707,26.6679085,87.39399900000001
708,26.66789,87.394152
709,26.667867125,87.394334875
710,26.66784425,87.39451775
711,26.667821375000003,87.39470062500001
712,26.6677985,87.3948835
713,26.667775624999997,87.395066375
714,26.66775275,87.39524925
715,26.667729875,87.39543212500001
716,26.667707,87.395615
717,26.66768775,87.39578525000002
718,26.667668499999998,87.39595550000001
719,26.667649249999997,87.39612575000001
720,26.66763,87.396296
721,26.667600999999998,87.3964935
722,26.667572,87.396691
723,26.6675455,87.396853
724,26.667519,87.397015
725,26.667477499999997,87.3971785
726,26.667436,87.397342
727,26.667369,87.397529
728,26.667301000000002,87.3976825
729,26.667233,87.39783600000001
730,26.667164999999997,87.39798950000001
731,26.667097,87.398143
732,26.667013249999997,87.398281
733,26.6669295,87.398419
734,26.66684575,87.39855700000001
735,26.666762,87.398695
736,26.666669,87.398833
737,26.666562499999998,87.3989985
738,26.666456,87.399164
739,26.666336,87.39934
740,26.66621,87.399534
741,26.666136,87.39964425
742,26.666062,87.3997545
743,26.665988,87.39986475
744,26.665914,87.399975
745,26.665798000000002,87.400156
746,26.665682,87.400337
747,26.665614750000003,87.40044025
748,26.665547500000002,87.4005435
749,26.66548025,87.40064674999999
750,26.665413,87.40074999999999
751,26.66534575,87.40085324999998
752,26.6652785,87.40095649999999
753,26.66521125,87.40105975
754,26.665144,87.401163
755,26.665060750000002,87.40128899999999
756,26.6649775,87.401415
757,26.66489425,87.40154100000001
758,26.664811,87.401667
759,26.664766,87.401736
760,26.664663,87.401916
761,26.66459775,87.40201975
762,26.6645325,87.4021235
763,26.66446725,87.40222725000001
764,26.664402000000003,87.402331
765,26.664336750000004,87.40243475
766,26.6642715,87.40253849999999
767,26.66420625,87.40264224999999
768,26.664141,87.402746
769,26.66403125,87.40291825
770,26.6639215,87.40309049999999
771,26.66381175,87.40326275
772,26.663702,87.403435
773,26.6635975,87.403593
774,26.663493,87.403751
775,26.663423,87.403858
776,26.663328500000002,87.40402599999999
777,26.663234000000003,87.40419399999999
778,26.6631395,87.40436199999999
779,26.663045,87.40453
780,26.662988249999998,87.40464275
781,26.6629315,87.4047555
782,26.66287475,87.40486824999999
783,26.662818,87.404981
784,26.66274225,87.405158
785,26.6626665,87.40533500000001
786,26.66259075,87.405512
787,26.662515,87.405689
788,26.6624335,87.40588675
789,26.662352,87.40608449999999
790,26.662270499999998,87.40628225
791,26.662189,87.40648
792,26.662123,87.406641
793,26.66206225,87.40678775
794,26.662001500000002,87.4069345
795,26.66194075,87.40708125
796,26.66188,87.407228
797,26.661864,87.407265
798,26.661854,87.407292
799,26.661761750000004,87.40751675
800,26.661669500000002,87.4077415
801,26.66157725,87.40796625
802,26.661485,87.408191
803,26.661431375,87.40832187500001
804,26.66137775,87.40845275000001
805,26.661324125,87.408583625
806,26.6612705,87.4087145
807,26.661216875,87.408845375
808,26.66116325,87.40897625
809,26.661109625,87.40910712499999
810,26.661056,87.409238
811,26.660970874999997,87.40944587499999
812,26.66088575,87.40965374999999
813,26.660800625,87.40986162499999
814,26.6607155,87.41006949999999
815,26.660630374999997,87.41027737499999
816,26.66054525,87.41048525
817,26.660460125,87.410693125
818,26.660375,87.410901
819,26.660306499999997,87.41109975
820,26.660238,87.4112985
821,26.660169500000002,87.41149725
822,26.660101,87.411696
823,26.660053500000004,87.4118765
824,26.660006000000003,87.412057
825,26.659958500000002,87.4122375
826,26.659911,87.412418
827,26.65988,87.412545875
828,26.659849,87.41267375000001
829,26.659818,87.41280162500001
830,26.659787,87.4129295
831,26.659756,87.413057375
832,26.659725,87.41318525
833,26.659694000000002,87.413313125
834,26.659663,87.413441
835,26.659615,87.41365250000001
836,26.659567,87.413864
837,26.65953725,87.414
838,26.6595075,87.414136
839,26.65947775,87.414272
840,26.659448,87.414408
841,26.659417,87.414548
842,26.6593855,87.4146695
843,26.659354,87.414791
844,26.659306,87.4149915
845,26.659258,87.415192
846,26.65922225,87.41536575
847,26.6591865,87.4155395
848,26.659150750000002,87.41571325
849,26.659115,87.415887
850,26.659090499999998,87.416043
851,26.659066,87.416199
852,26.659053999999998,87.4163465
853,26.659042,87.416494
854,26.65903575,87.416674
855,26.6590295,87.416854
856,26.659023249999997,87.417034
857,26.659017,87.417214
858,26.65901825,87.4173905
859,26.6590195,87.41756699999999
860,26.65902075,87.4177435
861,26.659022,87.41792
862,26.659015500000002,87.418057
863,26.659009,87.418194
864,26.6590073125,87.4183484375
865,26.659005625,87.418502875
866,26.6590039375,87.4186573125
867,26.65900225,87.41881175
868,26.6590005625,87.4189661875
869,26.658998875,87.419120625
870,26.658997187500002,87.4192750625
871,26.658995500000003,87.4194295
872,26.658993812500004,87.41958393750001
873,26.658992125000005,87.41973837500001
874,26.6589904375,87.41989281250001
875,26.658988750000002,87.42004725000001
876,26.658987062500003,87.42020168750001
877,26.658985375,87.42035612500001
878,26.6589836875,87.4205105625
879,26.658982,87.420665
880,26.658981500000003,87.4207935
881,26.658981,87.420922
882,26.658977,87.421102
883,26.658973,87.421282
884,26.658973,87.421408
885,26.658969749999997,87.42155775
886,26.6589665,87.4217075
887,26.65896325,87.42185725
888,26.65896,87.42200700000001
889,26.65895675,87.42215675
890,26.658953500000003,87.4223065
891,26.658950250000004,87.42245625000001
892,26.658947,87.422606
893,26.65894434375,87.4228278125
894,26.658941687500004,87.423049625
895,26.658939031250004,87.4232714375
896,26.658936375000003,87.42349325
897,26.658933718750003,87.42371506250001
898,26.658931062500002,87.42393687500001
899,26.658928406250002,87.42415868750001
900,26.65892575,87.4243805
901,26.65892309375,87.42460231249999
902,26.6589204375,87.42482412499999
903,26.65891778125,87.42504593749999
904,26.658915125,87.42526774999999
905,26.65891246875,87.42548956249999
906,26.6589098125,87.42571137499999
907,26.65890715625,87.4259331875
908,26.6589045,87.426155
909,26.658901843749998,87.4263768125
910,26.658899187499998,87.426598625
911,26.658896531249997,87.4268204375
912,26.658893874999997,87.42704225
913,26.658891218749996,87.4272640625
914,26.658888562499996,87.427485875
915,26.65888590625,87.4277076875
916,26.65888325,87.4279295
917,26.65888059375,87.4281513125
918,26.6588779375,87.42837312500001
919,26.65887528125,87.42859493750001
920,26.658872625,87.42881675000001
921,26.65886996875,87.42903856250001
922,26.6588673125,87.42926037500001
923,26.65886465625,87.42948218750001
924,26.658862,87.429704
925,26.658859,87.429839
926,26.65885775,87.43004275000001
927,26.6588565,87.43024650000001
928,26.658855250000002,87.43045025
929,26.658854,87.430654
930,26.658852,87.430785
931,26.658847,87.43095550000001
932,26.658842,87.431126
933,26.658837,87.4312965
934,26.658832,87.431467
935,26.65883375,87.431644
936,26.658835500000002,87.431821
937,26.65883725,87.431998
938,26.658839,87.432175
939,26.658841000000002,87.4324235
940,26.658843,87.432672
941,26.658841250000002,87.43281175
942,26.6588395,87.4329515
943,26.65883775,87.43309125
944,26.658836,87.433231
945,26.65883425,87.43337075000001
946,26.658832500000003,87.43351050000001
947,26.65883075,87.43365025
948,26.658829,87.43379
949,26.658826750000003,87.4339625
950,26.6588245,87.434135
951,26.65882225,87.43430749999999
952,26.65882,87.43448
953,26.658818375,87.434609375
954,26.65881675,87.43473875
955,26.658815125,87.434868125
956,26.6588135,87.4349975
957,26.658811875,87.435126875
958,26.658810250000002,87.43525625
959,26.658808625,87.435385625
960,26.658807,87.435515
961,26.658805,87.43566924999999
962,26.658803,87.4358235
963,26.658800999999997,87.43597775
964,26.658799,87.436132
965,26.6587965625,87.43632325
966,26.658794125,87.4365145
967,26.6587916875,87.43670575
968,26.658789249999998,87.436897
969,26.658786812499997,87.43708825
970,26.658784375,87.4372795
971,26.658781937500002,87.43747075
972,26.6587795,87.437662
973,26.6587770625,87.43785325
974,26.658774625,87.4380445
975,26.6587721875,87.43823575
976,26.65876975,87.438427
977,26.658767312500004,87.43861825
978,26.658764875000003,87.4388095
979,26.658762437500002,87.43900075
980,26.65876,87.439192
981,26.658761125,87.43940025
982,26.658762250000002,87.4396085
983,26.658763375,87.43981675
984,26.6587645,87.440025
985,26.658765625,87.44023325
986,26.658766749999998,87.4404415
987,26.658767875,87.44064975
988,26.658769,87.440858
989,26.6587711875,87.44099659375001
990,26.658773375,87.44113518750001
991,26.658775562499997,87.44127378125
992,26.65877775,87.441412375
993,26.6587799375,87.44155096875
994,26.658782125,87.4416895625
995,26.658784312499996,87.44182815625001
996,26.658786499999998,87.44196675
997,26.6587886875,87.44210534375
998,26.658790874999998,87.44224393750001
999,26.658793062499996,87.44238253125002
1000,26.658795249999997,87.44252112500001
1001,26.6587974375,87.44265971875001
1002,26.658799625,87.4427983125
1003,26.658801812500002,87.44293690625
1004,26.658804,87.4430755
1005,26.658806187499998,87.44321409375002
1006,26.658808375,87.44335268750001
1007,26.6588105625,87.44349128125
1008,26.658812750000003,87.443629875
1009,26.658814937500004,87.44376846875
1010,26.658817125000002,87.4439070625
1011,26.6588193125,87.44404565625001
1012,26.658821500000002,87.44418425
1013,26.658823687500004,87.44432284375
1014,26.658825875,87.44446143750001
1015,26.6588280625,87.44460003125002
1016,26.65883025,87.44473862500001
1017,26.658832437500003,87.44487721875001
1018,26.658834625,87.4450158125
1019,26.6588368125,87.44515440625
1020,26.658839,87.445293
1021,26.658836,87.44544675
1022,26.658833,87.44560050000001
1023,26.658830000000002,87.44575425000001
1024,26.658827,87.445908
1025,26.658832249999996,87.4460615
1026,26.658837499999997,87.446215
1027,26.658842749999998,87.4463685
1028,26.658848,87.446522
1029,26.658814,87.4466685
1030,26.65878,87.446815
1031,26.658682,87.447034
1032,26.6585985,87.44716700000001
1033,26.658515,87.4473
1034,26.65843425,87.44742049999999
1035,26.6583535,87.447541
1036,26.658272750000002,87.44766150000001
1037,26.658192,87.447782
1038,26.658166,87.447818
1039,26.658127,87.447872
1040,26.65809,87.447942
1041,26.658021,87.448109
1042,26.657958,87.448295
1043,26.657961,87.448428
1044,26.657964,87.44856
1045,26.6579955,87.448713
1046,26.658027,87.448866
1047,26.658104,87.4491005
1048,26.658181,87.449335
1049,26.658244,87.449530625
1050,26.658307,87.44972625
1051,26.658369999999998,87.449921875
1052,26.658433,87.4501175
1053,26.658496,87.45031312500001
1054,26.658558999999997,87.45050875000001
1055,26.658621999999998,87.45070437500002
1056,26.658685,87.4509
1057,26.658726,87.451049
1058,26.658770500000003,87.4512525
1059,26.658815,87.451456
1060,26.658825,87.451596
1061,26.658835,87.451736
1062,26.658836,87.451823
1063,26.658835,87.45202750000001
1064,26.658834,87.45223200000001
1065,26.658833,87.4524365
1066,26.658832,87.452641
1067,26.658833875,87.452832625
1068,26.65883575,87.45302425
1069,26.658837625,87.453215875
1070,26.6588395,87.4534075
1071,26.658841375,87.453599125
1072,26.65884325,87.45379075
1073,26.658845125,87.453982375
1074,26.658847,87.454174
1075,26.658838,87.454337
1076,26.658838,87.45444
1077,26.658838875,87.45458275
1078,26.65883975,87.4547255
1079,26.658840625,87.45486825
1080,26.6588415,87.455011
1081,26.658842375,87.45515375
1082,26.65884325,87.4552965
1083,26.658844125,87.45543925
1084,26.658845,87.45558199999999
1085,26.658845874999997,87.45572475
1086,26.65884675,87.4558675
1087,26.658847625,87.45601024999999
1088,26.658848499999998,87.456153
1089,26.658849375,87.45629575
1090,26.65885025,87.45643849999999
1091,26.658851124999998,87.45658125
1092,26.658852,87.456724
1093,26.658848499999998,87.456958
1094,26.658845,87.457192
1095,26.658842874999998,87.457350125
1096,26.65884075,87.45750825
1097,26.658838625,87.457666375
1098,26.6588365,87.4578245
1099,26.658834374999998,87.457982625
1100,26.65883225,87.45814075
1101,26.658830125,87.458298875
1102,26.658828,87.458457
1103,26.658824,87.458522
1104,26.658828,87.458709
1105,26.65882775,87.458837875
1106,26.6588275,87.45896675
1107,26.65882725,87.459095625
1108,26.658827000000002,87.4592245
1109,26.658826750000003,87.459353375
1110,26.658826500000004,87.45948225000001
1111,26.658826250000004,87.45961112500001
1112,26.658826,87.45974
1113,26.65882475,87.45993512499999
1114,26.658823500000004,87.46013024999999
1115,26.658822250000004,87.460325375
1116,26.658821000000003,87.4605205
1117,26.658819750000003,87.460715625
1118,26.658818500000002,87.46091075000001
1119,26.658817250000002,87.46110587500002
1120,26.658816,87.461301
1121,26.658816375,87.461504375
1122,26.65881675,87.46170775000002
1123,26.658817125,87.46191112500001
1124,26.6588175,87.46211450000001
1125,26.658817875000004,87.46231787500001
1126,26.658818250000003,87.46252125000001
1127,26.658818625000002,87.462724625
1128,26.658819,87.462928
1129,26.65882075,87.46306162500001
1130,26.6588225,87.46319525000001
1131,26.658824250000002,87.463328875
1132,26.658826,87.4634625
1133,26.65882775,87.46359612500001
1134,26.658829500000003,87.46372975
1135,26.658831250000002,87.463863375
1136,26.658833,87.463997
1137,26.658832500000003,87.46416975
1138,26.658832,87.4643425
1139,26.658831499999998,87.46451525
1140,26.658831,87.464688
1141,26.6588305,87.46486075
1142,26.658830000000002,87.4650335
1143,26.658829500000003,87.46520625
1144,26.658829,87.465379
1145,26.6588275,87.465607
1146,26.658826,87.465835
1147,26.658832000000004,87.46607
1148,26.658838000000003,87.466305
1149,26.658844000000002,87.46654000000001
1150,26.65885,87.466775
1151,26.65885125,87.4669915
1152,26.658852500000002,87.467208
1153,26.658853750000002,87.46742449999999
1154,26.658855000000003,87.467641
1155,26.658856250000003,87.46785750000001
1156,26.658857500000003,87.468074
1157,26.65885875,87.4682905
1158,26.65886,87.468507
1159,26.65885978125,87.46866421875
1160,26.658859562499998,87.4688214375
1161,26.65885934375,87.46897865625
1162,26.658859125,87.469135875
1163,26.65885890625,87.46929309375
1164,26.6588586875,87.4694503125
1165,26.65885846875,87.46960753125
1166,26.65885825,87.46976475
1167,26.658858031250002,87.46992196875
1168,26.658857812500003,87.4700791875
1169,26.65885759375,87.47023640625
1170,26.658857375,87.470393625
1171,26.65885715625,87.47055084375
1172,26.658856937499998,87.4707080625
1173,26.65885671875,87.47086528125
1174,26.6588565,87.4710225
1175,26.65885628125,87.47117971875001
1176,26.6588560625,87.47133693750001
1177,26.65885584375,87.47149415625
1178,26.658855625,87.47165137500001
1179,26.65885540625,87.47180859375001
1180,26.658855187500002,87.4719658125
1181,26.65885496875,87.47212303125
1182,26.65885475,87.47228025000001
1183,26.65885453125,87.47243746875
1184,26.658854312499997,87.4725946875
1185,26.658854093749998,87.47275190625001
1186,26.658853875,87.472909125
1187,26.65885365625,87.47306634375
1188,26.6588534375,87.47322356250001
1189,26.65885321875,87.47338078125
1190,26.658853,87.473538
1191,26.65886025,87.47377775000001
1192,26.6588675,87.4740175
1193,26.65887475,87.47425725
1194,26.658882,87.474497
1195,26.658879374999998,87.474699375
1196,26.658876749999997,87.47490174999999
1197,26.658874124999997,87.47510412499999
1198,26.6588715,87.47530649999999
1199,26.658868875000003,87.47550887499999
1200,26.658866250000003,87.47571124999999
1201,26.658863625000002,87.47591362499999
1202,26.658861,87.47611599999999
1203,26.658858375,87.47631837499999
1204,26.65885575,87.47652074999999
1205,26.658853125,87.47672312499999
1206,26.6588505,87.4769255
1207,26.658847875,87.477127875
1208,26.65884525,87.47733025
1209,26.658842625,87.477532625
1210,26.65884,87.477735
1211,26.658843,87.4779185
1212,26.658846,87.478102
1213,26.658849,87.4782855
1214,26.658852,87.478469
1215,26.658854249999997,87.47860374999999
1216,26.6588565,87.47873849999999
1217,26.65885875,87.47887324999999
1218,26.658861,87.479008
1219,26.658863250000003,87.47914275
1220,26.6588655,87.4792775
1221,26.65886775,87.47941225
1222,26.65887,87.479547
1223,26.65886903125,87.47974709374999
1224,26.658868062499998,87.47994718749999
1225,26.658867093749997,87.48014728125
1226,26.658866125,87.480347375
1227,26.658865156250002,87.48054746874999
1228,26.6588641875,87.4807475625
1229,26.65886321875,87.48094765625
1230,26.65886225,87.48114774999999
1231,26.658861281249997,87.48134784375
1232,26.6588603125,87.4815479375
1233,26.658859343750002,87.48174803124999
1234,26.658858375,87.481948125
1235,26.65885740625,87.48214821875
1236,26.6588564375,87.4823483125
1237,26.658855468749998,87.48254840625
1238,26.6588545,87.4827485
1239,26.658853531250003,87.48294859375
1240,26.6588525625,87.4831486875
1241,26.65885159375,87.48334878125
1242,26.658850625,87.483548875
1243,26.65884965625,87.48374896875
1244,26.6588486875,87.4839490625
1245,26.658847718750003,87.48414915625
1246,26.658846750000002,87.48434925000001
1247,26.65884578125,87.48454934375
1248,26.6588448125,87.4847494375
1249,26.65884384375,87.48494953125001
1250,26.658842875,87.485149625
1251,26.658841906250004,87.48534971875
1252,26.658840937500003,87.48554981250001
1253,26.65883996875,87.48574990625
1254,26.658839,87.48595
1255,26.658837875,87.4861705
1256,26.65883675,87.486391
1257,26.658835625,87.4866115
1258,26.658834499999998,87.48683199999999
1259,26.658833374999997,87.48705249999999
1260,26.658832249999996,87.48727299999999
1261,26.658831125,87.4874935
1262,26.65883,87.487714
1263,26.658828,87.487958375
1264,26.658825999999998,87.48820275
1265,26.658824,87.488447125
1266,26.658822,87.4886915
1267,26.65882,87.48893587500001
1268,26.658818,87.48918025
1269,26.658816,87.489424625
1270,26.658814,87.489669
1271,26.6588135,87.489828
1272,26.658813,87.489987
1273,26.658813,87.490109
1274,26.658812749999996,87.49030450000001
1275,26.658812499999996,87.4905
1276,26.658812249999997,87.4906955
1277,26.658811999999998,87.490891
1278,26.658811749999998,87.49108650000001
1279,26.6588115,87.49128200000001
1280,26.65881125,87.4914775
1281,26.658811,87.491673
1282,26.65881028125,87.49181659375
1283,26.6588095625,87.49196018750001
1284,26.658808843750002,87.49210378125001
1285,26.658808125,87.492247375
1286,26.65880740625,87.49239096875
1287,26.6588066875,87.4925345625
1288,26.658805968750002,87.49267815625001
1289,26.65880525,87.49282175
1290,26.65880453125,87.49296534375
1291,26.6588038125,87.49310893750001
1292,26.658803093750002,87.49325253125001
1293,26.658802375,87.493396125
1294,26.65880165625,87.49353971875
1295,26.6588009375,87.4936833125
1296,26.658800218750002,87.49382690625
1297,26.6587995,87.4939705
1298,26.65879878125,87.49411409375
1299,26.6587980625,87.49425768750001
1300,26.658797343750003,87.49440128125
1301,26.658796625,87.494544875
1302,26.65879590625,87.49468846875
1303,26.6587951875,87.4948320625
1304,26.658794468750003,87.49497565625
1305,26.65879375,87.49511925
1306,26.65879303125,87.49526284375
1307,26.6587923125,87.49540643750001
1308,26.658791593750003,87.49555003125
1309,26.658790875,87.495693625
1310,26.65879015625,87.49583721875
1311,26.6587894375,87.4959808125
1312,26.658788718750003,87.49612440625
1313,26.658788,87.496268
1314,26.658784,87.496375
1315,26.658777,87.49657350000001
1316,26.65877,87.496772
1317,26.658765000000002,87.496914
1318,26.65876,87.497056
1319,26.658755,87.497198
1320,26.65875,87.49734
1321,26.658752125,87.497525125
1322,26.65875425,87.49771025
1323,26.658756375000003,87.497895375
1324,26.6587585,87.4980805
1325,26.658760625,87.498265625
1326,26.65876275,87.49845075
1327,26.658764875000003,87.498635875
1328,26.658767,87.498821
1329,26.658768875,87.49898887500001
1330,26.658770750000002,87.49915675
1331,26.658772625,87.499324625
1332,26.6587745,87.4994925
1333,26.658776375,87.499660375
1334,26.658778249999997,87.49982825000001
1335,26.658780125,87.499996125
1336,26.658782,87.500164
1337,26.658783203124997,87.50028996875
1338,26.65878440625,87.50041593750001
1339,26.658785609375,87.50054190625
1340,26.658786812499997,87.500667875
1341,26.658788015625,87.50079384375
1342,26.658789218749998,87.5009198125
1343,26.658790421874997,87.50104578125
1344,26.658791625,87.50117175
1345,26.658792828124998,87.50129771875
1346,26.658794031249997,87.5014236875
1347,26.658795234375,87.50154965624999
1348,26.658796437499998,87.50167562499999
1349,26.658797640624996,87.50180159374999
1350,26.65879884375,87.50192756249999
1351,26.658800046874997,87.50205353125
1352,26.658801249999996,87.5021795
1353,26.658802453125,87.50230546875
1354,26.658803656249997,87.50243143750001
1355,26.658804859374996,87.50255740625
1356,26.6588060625,87.502683375
1357,26.658807265624997,87.50280934375
1358,26.658808468749996,87.5029353125
1359,26.658809671874998,87.50306128125
1360,26.658810874999997,87.50318725
1361,26.658812078124996,87.50331321875
1362,26.658813281249998,87.50343918749999
1363,26.658814484374997,87.50356515624999
1364,26.658815687499995,87.50369112499999
1365,26.658816890624998,87.50381709374999
1366,26.658818093749996,87.50394306249999
1367,26.658819296874995,87.50406903125
1368,26.658820499999997,87.504195
1369,26.658821703125,87.50432096875
1370,26.65882290625,87.5044469375
1371,26.658824109374997,87.50457290625
1372,26.6588253125,87.504698875
1373,26.658826515624998,87.50482484375
1374,26.658827718749997,87.5049508125
1375,26.658828921875,87.50507678125
1376,26.658830124999998,87.50520275
1377,26.658831328124997,87.50532871875
1378,26.65883253125,87.50545468749999
1379,26.658833734374998,87.50558065624999
1380,26.658834937499996,87.50570662499999
1381,26.658836140625,87.50583259374999
1382,26.658837343749997,87.50595856249998
1383,26.658838546874996,87.50608453125
1384,26.65883975,87.5062105
1385,26.658840953125,87.50633646874999
1386,26.65884215625,87.5064624375
1387,26.658843359375,87.50658840625
1388,26.6588445625,87.506714375
1389,26.658845765625,87.50684034375
1390,26.658846968749998,87.5069663125
1391,26.658848171875,87.50709228125
1392,26.658849375,87.50721825
1393,26.658850578124998,87.50734421874999
1394,26.65885178125,87.50747018749999
1395,26.658852984375,87.50759615624999
1396,26.658854187499998,87.50772212499999
1397,26.658855390625,87.50784809374998
1398,26.65885659375,87.50797406249998
1399,26.658857796874997,87.50810003125
1400,26.658859,87.508226
1401,26.6588614375,87.50835412499998
1402,26.658863875,87.50848224999999
1403,26.658866312500002,87.50861037499999
1404,26.65886875,87.50873849999999
1405,26.658871187499997,87.508866625
1406,26.658873625,87.50899475
1407,26.6588760625,87.509122875
1408,26.6588785,87.509251
1409,26.6588809375,87.50937912500001
1410,26.658883375000002,87.50950725000001
1411,26.658885812500003,87.50963537500002
1412,26.65888825,87.5097635
1413,26.658890687499998,87.509891625
1414,26.658893125,87.51001975
1415,26.6588955625,87.510147875
1416,26.658898,87.510276
1417,26.658896625,87.51046987500001
1418,26.65889525,87.51066375
1419,26.658893875,87.510857625
1420,26.6588925,87.51105150000001
1421,26.658891125,87.511245375
1422,26.65888975,87.51143925
1423,26.658888375,87.511633125
1424,26.658887,87.511827
1425,26.6588910625,87.51197862499998
1426,26.658895125,87.51213024999998
1427,26.6588991875,87.51228187499999
1428,26.65890325,87.51243349999999
1429,26.658907312500002,87.51258512499999
1430,26.658911375000002,87.51273674999999
1431,26.6589154375,87.51288837499999
1432,26.6589195,87.51303999999999
1433,26.6589235625,87.51319162499999
1434,26.658927624999997,87.51334324999999
1435,26.658931687499997,87.51349487499999
1436,26.658935749999998,87.5136465
1437,26.658939812499998,87.513798125
1438,26.658943875,87.51394975
1439,26.6589479375,87.514101375
1440,26.658952,87.514253
1441,26.658956,87.5144115
1442,26.65896,87.51457
1443,26.658984500000003,87.514772
1444,26.659009,87.514974
1445,26.6590335,87.515176
1446,26.659058,87.515378
1447,26.659085812500003,87.515607
1448,26.659113625000003,87.51583600000001
1449,26.659141437500004,87.516065
1450,26.65916925,87.516294
1451,26.6591970625,87.516523
1452,26.659224875,87.516752
1453,26.6592526875,87.516981
1454,26.6592805,87.51721
1455,26.659308312500002,87.517439
1456,26.659336125000003,87.517668
1457,26.659363937500004,87.517897
1458,26.65939175,87.518126
1459,26.6594195625,87.518355
1460,26.659447375,87.518584
1461,26.6594751875,87.518813
1462,26.659503,87.519042
1463,26.6595224375,87.51929150000001
1464,26.659541875000002,87.519541
1465,26.659561312500003,87.5197905
1466,26.65958075,87.52004
1467,26.659600187499997,87.52028949999999
1468,26.659619624999998,87.520539
1469,26.6596390625,87.52078850000001
1470,26.6596585,87.521038
1471,26.6596779375,87.5212875
1472,26.659697375,87.521537
1473,26.6597168125,87.52178649999999
1474,26.65973625,87.522036
1475,26.659755687500002,87.52228550000001
1476,26.659775125000003,87.522535
1477,26.659794562500004,87.5227845
1478,26.659814,87.523034
1479,26.659832,87.523264375
1480,26.65985,87.52349475
1481,26.659868,87.523725125
1482,26.659886,87.5239555
1483,26.659904,87.524185875
1484,26.659922,87.52441625
1485,26.65994,87.524646625
1486,26.659958,87.524877
1487,26.659976,87.525107375
1488,26.659993999999998,87.52533775
1489,26.660012,87.525568125
1490,26.66003,87.52579850000001
1491,26.660048,87.52602887500001
1492,26.660066,87.52625925000001
1493,26.660083999999998,87.52648962500001
1494,26.660102,87.52672
1495,26.6601163125,87.52694087500001
1496,26.660130625,87.52716175
1497,26.6601449375,87.527382625
1498,26.66015925,87.5276035
1499,26.6601735625,87.527824375
1500,26.660187875,87.52804524999999
1501,26.660202187499998,87.52826612499999
1502,26.660216499999997,87.528487
1503,26.660230812499996,87.52870787500001
1504,26.660245124999996,87.52892875
1505,26.660259437499995,87.529149625
1506,26.660273749999998,87.5293705
1507,26.6602880625,87.529591375
1508,26.660302375,87.52981224999999
1509,26.6603166875,87.53003312499999
1510,26.660331,87.530254
1511,26.66034075,87.53040375
1512,26.6603505,87.5305535
1513,26.66036025,87.53070324999999
1514,26.66037,87.530853
1515,26.6603771875,87.530993375
1516,26.660384375,87.53113375
1517,26.6603915625,87.531274125
1518,26.66039875,87.5314145
1519,26.6604059375,87.531554875
1520,26.660413124999998,87.53169525
1521,26.6604203125,87.531835625
1522,26.6604275,87.531976
1523,26.6604346875,87.532116375
1524,26.660441875000004,87.53225675
1525,26.660449062500003,87.532397125
1526,26.660456250000003,87.5325375
1527,26.660463437500002,87.532677875
1528,26.660470625000002,87.53281825
1529,26.6604778125,87.532958625
1530,26.660485,87.533099
1531,26.66049775,87.53334950000001
1532,26.6605105,87.5336
1533,26.66052325,87.5338505
1534,26.660536,87.534101
1535,26.66054875,87.53435150000001
1536,26.6605615,87.534602
1537,26.66057425,87.5348525
1538,26.660587,87.535103
1539,26.66059,87.53529800000001
1540,26.660593,87.535493
1541,26.66059575,87.53569025
1542,26.6605985,87.5358875
1543,26.66060125,87.53608475
1544,26.660604,87.536282
1545,26.660607499999998,87.536496
1546,26.660611,87.53671
1547,26.660613,87.536828
1548,26.660616,87.53704024999999
1549,26.660619,87.5372525
1550,26.660622,87.53746475
1551,26.660625,87.537677
1552,26.660628,87.5378905
1553,26.660631,87.538104
1554,26.660632999999997,87.53835125
1555,26.660635,87.5385985
1556,26.660636999999998,87.53884575000001
1557,26.660638999999996,87.53909300000001
1558,26.660641,87.53934025000001
1559,26.660642999999997,87.53958750000001
1560,26.660644999999995,87.53983475000001
1561,26.660646999999997,87.54008200000001
1562,26.660649,87.54032925000001
1563,26.660650999999998,87.54057650000001
1564,26.660652999999996,87.54082375000002
1565,26.660655,87.54107100000002
1566,26.660657,87.54131825000002
1567,26.660659,87.54156550000002
1568,26.660660999999998,87.54181275000002
1569,26.660663,87.54206
1570,26.6606615,87.542218
1571,26.66066,87.542376
1572,26.660662875,87.54259
1573,26.66066575,87.542804
1574,26.660668625,87.543018
1575,26.6606715,87.543232
1576,26.660674375,87.543446
1577,26.66067725,87.54366
1578,26.660680125,87.543874
1579,26.660683,87.544088
1580,26.660682,87.544194
1581,26.660688125,87.544356375
1582,26.66069425,87.54451875000001
1583,26.660700374999998,87.54468112500001
1584,26.6607065,87.5448435
1585,26.660712625000002,87.54500587499999
1586,26.66071875,87.54516824999999
1587,26.660724875,87.54533062499999
1588,26.660731,87.545493
1589,26.66073625,87.54564037499999
1590,26.6607415,87.54578774999999
1591,26.66074675,87.545935125
1592,26.660752,87.5460825
1593,26.660757249999996,87.546229875
1594,26.660762499999997,87.54637725
1595,26.660767749999998,87.546524625
1596,26.660773,87.546672
1597,26.66077975,87.546805625
1598,26.6607865,87.54693925000001
1599,26.66079325,87.547072875
1600,26.660800000000002,87.5472065
1601,26.660806750000003,87.547340125
1602,26.660813500000003,87.54747375
1603,26.66082025,87.547607375
1604,26.660827,87.547741
1605,26.6608345,87.54797400000001
1606,26.660842,87.548207
1607,26.660847249999996,87.54836725000001
1608,26.660852499999997,87.5485275
1609,26.660857749999998,87.54868775
1610,26.660863,87.548848
1611,26.6608735,87.54907212500001
1612,26.660884,87.54929625
1613,26.660894499999998,87.549520375
1614,26.660905,87.5497445
1615,26.6609155,87.549968625
1616,26.660926,87.55019275000001
1617,26.6609365,87.550416875
1618,26.660947,87.550641
1619,26.660956,87.550839
1620,26.660958,87.550907
1621,26.660962,87.551041
1622,26.66096775,87.551255
1623,26.6609735,87.551469
1624,26.66097925,87.551683
1625,26.660985,87.551897
1626,26.6609905,87.55202875
1627,26.660996,87.5521605
1628,26.6610015,87.55229225
1629,26.661007,87.552424
1630,26.661015125,87.55258512500001
1631,26.66102325,87.55274625
1632,26.661031375,87.55290737499999
1633,26.6610395,87.5530685
1634,26.661047625000002,87.553229625
1635,26.661055750000003,87.55339075
1636,26.661063875000004,87.55355187500001
1637,26.661072,87.553713
1638,26.661077249999998,87.55390675000001
1639,26.6610825,87.5541005
1640,26.66108775,87.55429425
1641,26.661093,87.554488
1642,26.6610945,87.55461650000001
1643,26.661096,87.554745
1644,26.661089125,87.55487737499999
1645,26.66108225,87.55500975
1646,26.661075375,87.555142125
1647,26.6610685,87.5552745
1648,26.661061625,87.55540687499999
1649,26.661054749999998,87.55553925
1650,26.661047875,87.555671625
1651,26.661041,87.555804
1652,26.6610375,87.55597599999999
1653,26.661034,87.556148
1654,26.661028,87.55634649999999
1655,26.661022,87.556545
1656,26.66101,87.556723
1657,26.661006,87.556803
1658,26.66100075,87.5569405
1659,26.6609955,87.557078
1660,26.660990249999998,87.55721550000001
1661,26.660985,87.557353
1662,26.660976249999997,87.55757825
1663,26.660967499999998,87.5578035
1664,26.66095875,87.55802875
1665,26.66095,87.558254
1666,26.66093975,87.55843375
1667,26.6609295,87.5586135
1668,26.66091925,87.55879325000001
1669,26.660909,87.558973
1670,26.66090225,87.559178
1671,26.660895500000002,87.559383
1672,26.66088875,87.55958799999999
1673,26.660882,87.559793
1674,26.660873000000002,87.55997550000001
1675,26.660864,87.560158
1676,26.660854999999998,87.5603405
1677,26.660846,87.560523
1678,26.66084,87.56065100000001
1679,26.660834,87.560779
1680,26.660828000000002,87.560907
1681,26.660822,87.561035
1682,26.66082,87.561057
1683,26.6608085,87.5612305
1684,26.660797,87.561404
1685,26.6607855,87.561616
1686,26.660774,87.561828
1687,26.660769000000002,87.5619815
1688,26.660764,87.562135
1689,26.660758,87.56226
1690,26.660751,87.562477
1691,26.660742,87.562678
1692,26.660735,87.5628245
1693,26.660728,87.562971
1694,26.660721,87.5631175
1695,26.660714,87.563264
1696,26.660702,87.563427
1697,26.66069,87.56359
1698,26.660680999999997,87.563722
1699,26.660671999999998,87.56385399999999
1700,26.660663,87.563986
1701,26.660654,87.564118
1702,26.660642000000003,87.56435099999999
1703,26.66063,87.564584
1704,26.660623,87.564725
1705,26.66061275,87.564879375
1706,26.6606025,87.56503375
1707,26.66059225,87.56518812499999
1708,26.660581999999998,87.5653425
1709,26.66057175,87.56549687500001
1710,26.6605615,87.56565125
1711,26.660551249999997,87.565805625
1712,26.660541,87.56596
1713,26.660532124999996,87.56610125
1714,26.660523249999997,87.56624250000002
1715,26.660514374999998,87.56638375000001
1716,26.6605055,87.56652500000001
1717,26.660496625,87.56666625000001
1718,26.66048775,87.56680750000001
1719,26.660478875000003,87.56694875000001
1720,26.66047,87.56709000000001
1721,26.660461124999998,87.56723125
1722,26.66045225,87.5673725
1723,26.660443375,87.56751375
1724,26.6604345,87.567655
1725,26.660425625000002,87.56779625
1726,26.660416750000003,87.5679375
1727,26.660407875000004,87.56807875
1728,26.660399,87.56822
1729,26.660385,87.5684305
1730,26.660371,87.568641
1731,26.660357,87.5688515
1732,26.660343,87.569062
1733,26.660329,87.5692725
1734,26.660315,87.56948299999999
1735,26.660301,87.5696935
1736,26.660287,87.569904
1737,26.660278875000003,87.57003599999999
1738,26.660270750000002,87.570168
1739,26.660262625,87.5703
1740,26.6602545,87.570432
1741,26.660246375,87.57056399999999
1742,26.66023825,87.570696
1743,26.660230125,87.570828
1744,26.660222,87.57096
1745,26.660213875000004,87.571092
1746,26.660205750000003,87.571224
1747,26.660197625000002,87.57135600000001
1748,26.6601895,87.571488
1749,26.660181375,87.57162
1750,26.66017325,87.571752
1751,26.660165125,87.57188400000001
1752,26.660157,87.572016
1753,26.6601445,87.57221625
1754,26.660132,87.5724165
1755,26.6601195,87.57261675000001
1756,26.660107,87.572817
1757,26.660093875,87.5730375
1758,26.66008075,87.57325800000001
1759,26.660067625,87.57347850000001
1760,26.6600545,87.573699
1761,26.660041375,87.5739195
1762,26.66002825,87.57414
1763,26.660015125,87.5743605
1764,26.660002,87.574581
1765,26.659994374999997,87.5747069375
1766,26.659986749999998,87.574832875
1767,26.659979125,87.5749588125
1768,26.659971499999997,87.57508475
1769,26.659963875,87.5752106875
1770,26.65995625,87.575336625
1771,26.659948625,87.57546256250001
1772,26.659941,87.5755885
1773,26.659933375,87.57571443749998
1774,26.65992575,87.57584037499998
1775,26.659918125,87.57596631249999
1776,26.659910500000002,87.57609224999999
1777,26.659902875,87.57621818749999
1778,26.65989525,87.57634412499999
1779,26.659887625000003,87.5764700625
1780,26.65988,87.576596
1781,26.659862500000003,87.57684649999999
1782,26.659845,87.577097
1783,26.6598275,87.5773475
1784,26.65981,87.577598
1785,26.6597995,87.577777625
1786,26.659789,87.57795725
1787,26.6597785,87.578136875
1788,26.659768,87.5783165
1789,26.659757499999998,87.578496125
1790,26.659747,87.57867575
1791,26.6597365,87.578855375
1792,26.659726,87.579035
1793,26.6597185,87.5791845
1794,26.659711,87.579334
1795,26.65970325,87.57946525
1796,26.6596955,87.57959650000001
1797,26.659687750000003,87.57972775
1798,26.65968,87.579859
1799,26.65966796875,87.58004990625
1800,26.659655937500002,87.5802408125
1801,26.659643906250004,87.58043171874999
1802,26.659631875000002,87.58062262499999
1803,26.65961984375,87.58081353124999
1804,26.659607812500003,87.58100443749998
1805,26.659595781250005,87.58119534374998
1806,26.659583750000003,87.58138625
1807,26.65957171875,87.58157715625
1808,26.659559687500003,87.5817680625
1809,26.659547656250005,87.58195896875
1810,26.659535625000004,87.582149875
1811,26.659523593750002,87.58234078125
1812,26.6595115625,87.5825316875
1813,26.65949953125,87.58272259374999
1814,26.6594875,87.58291349999999
1815,26.659475468750003,87.58310440624999
1816,26.6594634375,87.58329531249998
1817,26.65945140625,87.58348621874998
1818,26.659439374999998,87.583677125
1819,26.659427343749996,87.58386803125
1820,26.6594153125,87.5840589375
1821,26.65940328125,87.58424984375
1822,26.65939125,87.58444075
1823,26.659379218749997,87.58463165625
1824,26.6593671875,87.5848225625
1825,26.65935515625,87.58501346874999
1826,26.659343125,87.58520437499999
1827,26.659331093749998,87.58539528124999
1828,26.6593190625,87.58558618749998
1829,26.659307031250002,87.58577709374998
1830,26.659295,87.585968
1831,26.6592955,87.5861365
1832,26.659295999999998,87.586305
1833,26.659296499999996,87.5864735
1834,26.659297,87.586642
1835,26.6593115,87.586776
1836,26.659326,87.58691
1837,26.6593615,87.587122
1838,26.659397,87.587334
1839,26.659419,87.587499
1840,26.6594455,87.58774299999999
1841,26.659472,87.587987
1842,26.65949,87.588112
1843,26.6595155,87.58826275
1844,26.659541,87.5884135
1845,26.6595665,87.58856424999999
1846,26.659592,87.588715
1847,26.659601,87.588771
1848,26.6596275,87.5889275
1849,26.659654,87.589084
1850,26.65967775,87.589225
1851,26.6597015,87.589366
1852,26.65972525,87.589507
1853,26.659749,87.589648
1854,26.659775500000002,87.589805125
1855,26.659802,87.58996225
1856,26.6598285,87.590119375
1857,26.659855,87.5902765
1858,26.6598815,87.590433625
1859,26.659908,87.59059075
1860,26.6599345,87.590747875
1861,26.659961,87.590905
1862,26.659998,87.59112525
1863,26.660035,87.5913455
1864,26.660072,87.59156575
1865,26.660109,87.591786
1866,26.660129,87.5919
1867,26.660156999999998,87.59205449999999
1868,26.660185,87.592209
1869,26.6602185,87.59239149999999
1870,26.660252,87.592574
1871,26.6602745,87.5927585
1872,26.660297,87.592943
1873,26.660355,87.59318400000001
1874,26.660413,87.593425
1875,26.6604845,87.593621
1876,26.660556,87.593817
1877,26.6606275,87.594013
1878,26.660699,87.594209
1879,26.6607895,87.5943845
1880,26.66088,87.59456
1881,26.660970499999998,87.5947355
1882,26.661061,87.594911
1883,26.661151500000003,87.5950865
1884,26.661242,87.59526199999999
1885,26.6613325,87.5954375
1886,26.661423,87.595613
1887,26.661442,87.59565
1888,26.661515125,87.595791125
1889,26.66158825,87.59593225
1890,26.661661375,87.596073375
1891,26.6617345,87.5962145
1892,26.661807625,87.596355625
1893,26.66188075,87.59649675
1894,26.661953875000002,87.596637875
1895,26.662027,87.596779
1896,26.662059,87.596841
1897,26.6621235,87.596965
1898,26.662188,87.597089
1899,26.662245,87.597198
1900,26.662313,87.59733
1901,26.662404000000002,87.597521
1902,26.662495,87.597712
1903,26.662585999999997,87.597903
1904,26.662677,87.598094
1905,26.662755499999996,87.59825075
1906,26.662833999999997,87.59840750000001
1907,26.662912499999997,87.59856425000001
1908,26.662990999999998,87.59872100000001
1909,26.6630695,87.59887775000001
1910,26.663148,87.59903450000002
1911,26.6632265,87.59919125000002
1912,26.663305,87.599348
1913,26.663325,87.599391
1914,26.66335,87.59944
1915,26.663373,87.599487
1916,26.663443,87.59962974999999
1917,26.663513000000002,87.5997725
1918,26.663583000000003,87.59991525000001
1919,26.663653,87.600058
1920,26.663711,87.60017250000001
1921,26.663769000000002,87.60028700000001
1922,26.663827,87.6004015
1923,26.663885,87.600516
1924,26.663945625,87.600627625
1925,26.66400625,87.60073925
1926,26.664066875,87.600850875
1927,26.6641275,87.60096250000001
1928,26.664188125,87.60107412500001
1929,26.66424875,87.60118575000001
1930,26.664309375000002,87.601297375
1931,26.66437,87.601409
1932,26.664431,87.60153199999999
1933,26.664492000000003,87.601655
1934,26.664553,87.601778
1935,26.664614,87.601901
1936,26.664675,87.602024
1937,26.664735999999998,87.602147
1938,26.664797,87.60227
1939,26.664858,87.602393
1940,26.6649435,87.602609
1941,26.665029,87.602825
1942,26.665072,87.602935
1943,26.66510575,87.6030725
1944,26.6651395,87.60321
1945,26.66517325,87.60334750000001
1946,26.665207,87.603485
1947,26.665215,87.603558
1948,26.665224,87.603651
1949,26.665245499999997,87.6038545
1950,26.665267,87.604058
1951,26.665260500000002,87.6043045
1952,26.665254,87.604551
1953,26.66526,87.60476650000001
1954,26.665266,87.604982
1955,26.66526,87.605207
1956,26.66525625,87.60534974999999
1957,26.6652525,87.6054925
1958,26.66524875,87.60563524999999
1959,26.665245,87.60577799999999
1960,26.66524125,87.60592075
1961,26.6652375,87.60606349999999
1962,26.66523375,87.60620624999999
1963,26.66523,87.606349
1964,26.6652205,87.6065175
1965,26.665211,87.606686
1966,26.665204,87.606815
1967,26.665197,87.606944
1968,26.665184,87.607155
1969,26.665176,87.607321
1970,26.665171,87.60752475000001
1971,26.665166,87.60772850000001
1972,26.665160999999998,87.60793225
1973,26.665156,87.608136
1974,26.665151875,87.608287375
1975,26.665147750000003,87.60843875
1976,26.665143625000002,87.608590125
1977,26.665139500000002,87.60874150000001
1978,26.665135375000002,87.60889287500001
1979,26.66513125,87.60904425000001
1980,26.665127125,87.60919562500001
1981,26.665123,87.609347
1982,26.665119,87.609447
1983,26.665112999999998,87.6095795
1984,26.665107,87.609712
1985,26.66509975,87.609883
1986,26.6650925,87.61005399999999
1987,26.66508525,87.61022499999999
1988,26.665078,87.610396
1989,26.6650725,87.610524
1990,26.665067,87.610652
1991,26.66503575,87.6108485
1992,26.665004500000002,87.611045
1993,26.664973250000003,87.6112415
1994,26.664942,87.611438
1995,26.664863,87.611672
1996,26.664821375000002,87.611790125
1997,26.66477975,87.61190825
1998,26.664738125,87.612026375
1999,26.664696499999998,87.6121445
2000,26.664654874999997,87.612262625
2001,26.66461325,87.61238075
2002,26.664571625,87.612498875
2003,26.66453,87.612617
2004,26.6644675,87.61277849999999
2005,26.664405,87.61294
2006,26.664350999999996,87.613075625
2007,26.664296999999998,87.61321125
2008,26.664243,87.613346875
2009,26.664189,87.6134825
2010,26.664135,87.613618125
2011,26.664081,87.61375375
2012,26.664026999999997,87.613889375
2013,26.663973,87.614025
2014,26.66389575,87.61422525
2015,26.663818499999998,87.6144255
2016,26.663741249999998,87.61462574999999
2017,26.663663999999997,87.614826
2018,26.663586749999997,87.61502625
2019,26.663509499999996,87.6152265
2020,26.66343225,87.61542675000001
2021,26.663355,87.615627
2022,26.663267,87.615856
2023,26.663223,87.615968
2024,26.663177499999996,87.6160845
2025,26.663131999999997,87.61620099999999
2026,26.6630865,87.6163175
2027,26.663041,87.616434
2028,26.6629635,87.616665
2029,26.662886,87.616896
2030,26.6628415,87.61706649999999
2031,26.662797,87.617237
2032,26.662775,87.61736450000001
2033,26.662753,87.617492
2034,26.662740999999997,87.617688
2035,26.662729,87.617884
2036,26.662732,87.618008
2037,26.662734999999998,87.6181575
2038,26.662738,87.618307
2039,26.662759,87.618442
2040,26.66278,87.618577
2041,26.662802,87.618712
2042,26.662863,87.618949
2043,26.66293,87.619162
2044,26.66301,87.619362
2045,26.6630575,87.61948100000001
2046,26.663105,87.6196
2047,26.6631795,87.61976100000001
2048,26.663254,87.619922
2049,26.663338500000002,87.6200925
2050,26.663423,87.620263
2051,26.663491,87.62039999999999
2052,26.663559,87.620537
2053,26.66364175,87.62073674999999
2054,26.6637245,87.6209365
2055,26.663807249999998,87.62113625
2056,26.66389,87.621336
2057,26.663941,87.621455
2058,26.664,87.6215915
2059,26.664059,87.621728
2060,26.6641335,87.62195550000001
2061,26.664208,87.622183
2062,26.664243,87.62232
2063,26.664278,87.622457
2064,26.664313,87.62259399999999
2065,26.664348,87.622731
2066,26.664381,87.6229505
2067,26.664414,87.62317
2068,26.664433,87.623314
2069,26.66444,87.623435
2070,26.664446,87.623574
2071,26.664448,87.6237255
2072,26.66445,87.623877
2073,26.664443499999997,87.62407099999999
2074,26.664437,87.624265
2075,26.6644305,87.62444199999999
2076,26.664424,87.624619
2077,26.664419875,87.62476287499999
2078,26.66441575,87.62490675
2079,26.664411625,87.625050625
2080,26.6644075,87.62519449999999
2081,26.664403375,87.625338375
2082,26.66439925,87.62548225
2083,26.664395125,87.625626125
2084,26.664391,87.62577
2085,26.664386625,87.62590275
2086,26.66438225,87.6260355
2087,26.664377875,87.62616825
2088,26.6643735,87.626301
2089,26.664369125,87.62643374999999
2090,26.66436475,87.6265665
2091,26.664360375,87.62669925
2092,26.664356,87.626832
2093,26.664353,87.627058
2094,26.66435,87.627292
2095,26.66434,87.6274785
2096,26.66433,87.627665
2097,26.6643095,87.6278655
2098,26.664289,87.628066
2099,26.664272,87.628258
2100,26.664255,87.62845
2101,26.664248,87.628626
2102,26.664241,87.628802
2103,26.664232,87.629036
2104,26.664231,87.629061
2105,26.664222000000002,87.62928825
2106,26.664213,87.6295155
2107,26.664203999999998,87.62974274999999
2108,26.664195,87.62997
2109,26.66418,87.630197
2110,26.664177,87.63024
2111,26.6641615,87.63047399999999
2112,26.664146,87.630708
2113,26.66413625,87.63085525
2114,26.664126500000002,87.6310025
2115,26.66411675,87.63114974999999
2116,26.664107,87.631297
2117,26.664102,87.63142300000001
2118,26.664097,87.631549
2119,26.664091625000005,87.631685375
2120,26.664086250000004,87.63182175
2121,26.664080875000003,87.631958125
2122,26.664075500000003,87.6320945
2123,26.664070125000002,87.63223087499999
2124,26.66406475,87.63236724999999
2125,26.664059375,87.632503625
2126,26.664054,87.63264
2127,26.664049,87.63276925
2128,26.664044,87.6328985
2129,26.664039000000002,87.63302775
2130,26.664034,87.633157
2131,26.6640285,87.6333015
2132,26.664023,87.633446
2133,26.664008000000003,87.6336505
2134,26.663993,87.633855
2135,26.663987,87.633972
2136,26.66397725,87.63413675
2137,26.6639675,87.63430149999999
2138,26.66395775,87.63446625
2139,26.663948,87.634631
2140,26.663939,87.634821
2141,26.663931,87.634983
2142,26.663922,87.635153
2143,26.663913,87.635323
2144,26.663901,87.635542
2145,26.663894,87.635693
2146,26.6638845,87.635896
2147,26.663875,87.636099
2148,26.6638665,87.636291
2149,26.663858,87.636483
2150,26.663850500000002,87.636645
2151,26.663843,87.636807
2152,26.663835499999998,87.63699550000001
2153,26.663828,87.637184
2154,26.663818,87.637427
2155,26.663817,87.637503
2156,26.6638405,87.63773649999999
2157,26.663864,87.63797
2158,26.663867,87.637973
2159,26.663889,87.637996
2160,26.663904,87.638026
2161,26.663909,87.63806
2162,26.663906,87.638094
2163,26.663892,87.638125
2164,26.663871,87.638149
2165,26.663822500000002,87.6383735
2166,26.663774,87.638598
2167,26.663772,87.638657
2168,26.663767500000002,87.63878299999999
2169,26.663763000000003,87.638909
2170,26.6637585,87.639035
2171,26.663754,87.639161
2172,26.663756,87.639397
2173,26.663743,87.6396175
2174,26.66373,87.639838
2175,26.6637275,87.63997549999999
2176,26.663725,87.640113
2177,26.6637215,87.64029099999999
2178,26.663718,87.640469
2179,26.66371675,87.640622
2180,26.663715500000002,87.64077499999999
2181,26.66371425,87.640928
2182,26.663713,87.641081
2183,26.663705,87.641319
2184,26.663700249999998,87.64146299999999
2185,26.6636955,87.641607
2186,26.66369075,87.641751
2187,26.663686,87.641895
2188,26.663685,87.641938
2189,26.663680625,87.642119375
2190,26.66367625,87.64230075
2191,26.663671875000002,87.642482125
2192,26.663667500000003,87.6426635
2193,26.663663125000003,87.642844875
2194,26.663658750000003,87.64302624999999
2195,26.663654375,87.643207625
2196,26.66365,87.643389
2197,26.663646,87.643468
2198,26.663628,87.643715
2199,26.66361,87.643962
2200,26.663592,87.64416299999999
2201,26.663574,87.644364
2202,26.663565249999998,87.64452075
2203,26.6635565,87.6446775
2204,26.66354775,87.64483425
2205,26.663539,87.644991
2206,26.663534,87.645114
2207,26.663522999999998,87.645341
2208,26.663512,87.645568
2209,26.66350575,87.64573075
2210,26.6634995,87.6458935
2211,26.663493250000002,87.64605625
2212,26.663487,87.646219
2213,26.663477999999998,87.64636575
2214,26.663469,87.6465125
2215,26.66346,87.64665925
2216,26.663451,87.646806
2217,26.66343825,87.64697799999999
2218,26.6634255,87.64715
2219,26.66341275,87.647322
2220,26.6634,87.647494
2221,26.663394,87.647566
2222,26.6633845,87.6477035
2223,26.663375,87.647841
2224,26.663367375,87.647984125
2225,26.663359749999998,87.64812725
2226,26.663352125,87.64827037500001
2227,26.6633445,87.6484135
2228,26.663336875,87.648556625
2229,26.66332925,87.64869974999999
2230,26.663321625000002,87.64884287499999
2231,26.663314,87.648986
2232,26.6632975,87.6491265
2233,26.663281,87.649267
2234,26.6632575,87.6494795
2235,26.663234,87.649692
2236,26.663221999999998,87.6498895
2237,26.66321,87.650087
2238,26.6631955,87.65029824999999
2239,26.663181,87.6505095
2240,26.663166500000003,87.65072075
2241,26.663152,87.650932
2242,26.66313625,87.65116724999999
2243,26.663120499999998,87.65140249999999
2244,26.66310475,87.65163774999999
2245,26.663089,87.651873
2246,26.663078,87.652029
2247,26.663073,87.652168
2248,26.663061875000004,87.65234112499999
2249,26.663050750000004,87.65251425
2250,26.663039625000003,87.652687375
2251,26.663028500000003,87.6528605
2252,26.663017375000003,87.653033625
2253,26.663006250000002,87.65320675000001
2254,26.662995125000002,87.65337987500001
2255,26.662984,87.653553
2256,26.66297,87.653611
2257,26.662963,87.65375599999999
2258,26.662956,87.65390099999999
2259,26.662949,87.654046
2260,26.662942,87.654191
2261,26.662845,87.654126625
2262,26.662748,87.65406225
2263,26.662651,87.65399787499999
2264,26.662554,87.6539335
2265,26.662457,87.653869125
2266,26.66236,87.65380475
2267,26.662263,87.65374037500001
2268,26.662166,87.653676
2269,26.6620155,87.65363125
2270,26.661865,87.6535865
2271,26.6617145,87.65354175
2272,26.661564,87.653497
2273,26.661532625,87.653627
2274,26.66150125,87.65375700000001
2275,26.661469875,87.65388700000001
2276,26.6614385,87.65401700000001
2277,26.661407124999997,87.65414700000001
2278,26.661375749999998,87.65427700000001
2279,26.661344375,87.654407
2280,26.661313,87.654537
2281,26.66124775,87.65473275000001
2282,26.661182500000002,87.65492850000001
2283,26.661117250000004,87.65512425
2284,26.661052,87.65532
2285,26.661009,87.65552525000001
2286,26.660966000000002,87.6557305
2287,26.660923,87.65593575
2288,26.66088,87.656141
2289,26.660860999999997,87.65626800000001
2290,26.660842,87.656395
2291,26.660818999999996,87.6565475
2292,26.660795999999998,87.6567
2293,26.660773,87.6568525
2294,26.66075,87.657005
2295,26.660713,87.657183
2296,26.660653,87.657171
2297,26.660467,87.657107
2298,26.6602615,87.657034
2299,26.660056,87.656961
2300,26.659902,87.656907
2301,26.659751999999997,87.6568595
2302,26.659602,87.656812
2303,26.659434,87.656759
2304,26.65941,87.656751
2305,26.659247,87.65664050000001
2306,26.659084,87.65653
2307,26.658924499999998,87.65642199999999
2308,26.658765,87.656314
2309,26.65863,87.65624349999999
2310,26.658495,87.656173
2311,26.658381,87.6561125
2312,26.658267,87.656052
2313,26.658107,87.65601050000001
2314,26.657947,87.655969
2315,26.6578225,87.65597249999999
2316,26.657698,87.655976
2317,26.657683,87.65598
2318,26.657567999999998,87.656013
2319,26.657453,87.656046
2320,26.657349500000002,87.656104
2321,26.657246,87.656162
2322,26.6571195,87.6562005
2323,26.656993,87.656239
2324,26.656779,87.656278
2325,26.656561,87.656252
2326,26.6564245,87.65617449999999
2327,26.656288,87.656097
2328,26.656093,87.655981
2329,26.655948,87.655833
2330,26.65575,87.655739
2331,26.655584,87.655678
2332,26.6554445,87.6556595
2333,26.655305,87.655641
2334,26.65528225,87.65577125
2335,26.6552595,87.6559015
2336,26.65523675,87.65603175
2337,26.655214,87.656162
2338,26.655195,87.65634349999999
2339,26.655176,87.656525
2340,26.655142,87.656744
2341,26.655133,87.656852
2342,26.655118,87.65697
